{
    "apps": {
        "NDCG": {
            "NDCG@1": 0.73865,
            "NDCG@3": 0.81377,
            "NDCG@5": 0.8279,
            "NDCG@10": 0.83951,
            "NDCG@100": 0.851,
            "NDCG@1000": 0.85266
        },
        "MAP": {
            "MAP@1": 0.73865,
            "MAP@3": 0.79619,
            "MAP@5": 0.80404,
            "MAP@10": 0.80889,
            "MAP@100": 0.81143,
            "MAP@1000": 0.8115
        },
        "Recall": {
            "Recall@1": 0.73865,
            "Recall@3": 0.86428,
            "Recall@5": 0.89854,
            "Recall@10": 0.93413,
            "Recall@100": 0.98592,
            "Recall@1000": 0.99867
        },
        "Precision": {
            "P@1": 0.73865,
            "P@3": 0.28809,
            "P@5": 0.17971,
            "P@10": 0.09341,
            "P@100": 0.00986,
            "P@1000": 0.001
        }
    }
}