{
    "codetrans-contest": {
        "NDCG": {
            "NDCG@1": 0.85973,
            "NDCG@3": 0.90126,
            "NDCG@5": 0.90846,
            "NDCG@10": 0.91754,
            "NDCG@100": 0.92162,
            "NDCG@1000": 0.92214
        },
        "MAP": {
            "MAP@1": 0.85973,
            "MAP@3": 0.89065,
            "MAP@5": 0.89449,
            "MAP@10": 0.89842,
            "MAP@100": 0.89937,
            "MAP@1000": 0.89938
        },
        "Recall": {
            "Recall@1": 0.85973,
            "Recall@3": 0.93213,
            "Recall@5": 0.95023,
            "Recall@10": 0.97738,
            "Recall@100": 0.99548,
            "Recall@1000": 1.0
        },
        "Precision": {
            "P@1": 0.85973,
            "P@3": 0.31071,
            "P@5": 0.19005,
            "P@10": 0.09774,
            "P@100": 0.00995,
            "P@1000": 0.001
        }
    }
}