{
    "CodeSearchNet-go": {
        "NDCG": {
            "NDCG@1": 0.81421,
            "NDCG@3": 0.86881,
            "NDCG@5": 0.87902,
            "NDCG@10": 0.88688,
            "NDCG@100": 0.89453,
            "NDCG@1000": 0.89543
        },
        "MAP": {
            "MAP@1": 0.81421,
            "MAP@3": 0.85595,
            "MAP@5": 0.86162,
            "MAP@10": 0.86485,
            "MAP@100": 0.86645,
            "MAP@1000": 0.86648
        },
        "Recall": {
            "Recall@1": 0.81421,
            "Recall@3": 0.90581,
            "Recall@5": 0.93056,
            "Recall@10": 0.95494,
            "Recall@100": 0.9904,
            "Recall@1000": 0.99741
        },
        "Precision": {
            "P@1": 0.81421,
            "P@3": 0.30194,
            "P@5": 0.18611,
            "P@10": 0.09549,
            "P@100": 0.0099,
            "P@1000": 0.001
        }
    },
    "CodeSearchNet-java": {
        "NDCG": {
            "NDCG@1": 0.74843,
            "NDCG@3": 0.81402,
            "NDCG@5": 0.82553,
            "NDCG@10": 0.83469,
            "NDCG@100": 0.84546,
            "NDCG@1000": 0.84786
        },
        "MAP": {
            "MAP@1": 0.74843,
            "MAP@3": 0.79852,
            "MAP@5": 0.80494,
            "MAP@10": 0.80874,
            "MAP@100": 0.81096,
            "MAP@1000": 0.81104
        },
        "Recall": {
            "Recall@1": 0.74843,
            "Recall@3": 0.8586,
            "Recall@5": 0.88644,
            "Recall@10": 0.91465,
            "Recall@100": 0.96504,
            "Recall@1000": 0.98439
        },
        "Precision": {
            "P@1": 0.74843,
            "P@3": 0.2862,
            "P@5": 0.17729,
            "P@10": 0.09147,
            "P@100": 0.00965,
            "P@1000": 0.00098
        }
    },
    "CodeSearchNet-javascript": {
        "NDCG": {
            "NDCG@1": 0.67639,
            "NDCG@3": 0.75241,
            "NDCG@5": 0.76633,
            "NDCG@10": 0.77654,
            "NDCG@100": 0.79195,
            "NDCG@1000": 0.79631
        },
        "MAP": {
            "MAP@1": 0.67639,
            "MAP@3": 0.73438,
            "MAP@5": 0.74212,
            "MAP@10": 0.74638,
            "MAP@100": 0.74952,
            "MAP@1000": 0.74969
        },
        "Recall": {
            "Recall@1": 0.67639,
            "Recall@3": 0.80431,
            "Recall@5": 0.83804,
            "Recall@10": 0.86934,
            "Recall@100": 0.94196,
            "Recall@1000": 0.976
        },
        "Precision": {
            "P@1": 0.67639,
            "P@3": 0.2681,
            "P@5": 0.16761,
            "P@10": 0.08693,
            "P@100": 0.00942,
            "P@1000": 0.00098
        }
    },
    "CodeSearchNet-ruby": {
        "NDCG": {
            "NDCG@1": 0.69469,
            "NDCG@3": 0.76969,
            "NDCG@5": 0.78891,
            "NDCG@10": 0.80205,
            "NDCG@100": 0.8146,
            "NDCG@1000": 0.81717
        },
        "MAP": {
            "MAP@1": 0.69469,
            "MAP@3": 0.75218,
            "MAP@5": 0.76301,
            "MAP@10": 0.76846,
            "MAP@100": 0.77099,
            "MAP@1000": 0.77109
        },
        "Recall": {
            "Recall@1": 0.69469,
            "Recall@3": 0.81998,
            "Recall@5": 0.86598,
            "Recall@10": 0.90642,
            "Recall@100": 0.9659,
            "Recall@1000": 0.98573
        },
        "Precision": {
            "P@1": 0.69469,
            "P@3": 0.27333,
            "P@5": 0.1732,
            "P@10": 0.09064,
            "P@100": 0.00966,
            "P@1000": 0.00099
        }
    },
    "CodeSearchNet-python": {
        "NDCG": {
            "NDCG@1": 0.92781,
            "NDCG@3": 0.95417,
            "NDCG@5": 0.95744,
            "NDCG@10": 0.95981,
            "NDCG@100": 0.96217,
            "NDCG@1000": 0.96238
        },
        "MAP": {
            "MAP@1": 0.92781,
            "MAP@3": 0.94816,
            "MAP@5": 0.94999,
            "MAP@10": 0.95097,
            "MAP@100": 0.95148,
            "MAP@1000": 0.95149
        },
        "Recall": {
            "Recall@1": 0.92781,
            "Recall@3": 0.97138,
            "Recall@5": 0.97922,
            "Recall@10": 0.98659,
            "Recall@100": 0.99725,
            "Recall@1000": 0.99893
        },
        "Precision": {
            "P@1": 0.92781,
            "P@3": 0.32379,
            "P@5": 0.19584,
            "P@10": 0.09866,
            "P@100": 0.00997,
            "P@1000": 0.001
        }
    },
    "CodeSearchNet-php": {
        "NDCG": {
            "NDCG@1": 0.75582,
            "NDCG@3": 0.82411,
            "NDCG@5": 0.83597,
            "NDCG@10": 0.84605,
            "NDCG@100": 0.85711,
            "NDCG@1000": 0.85891
        },
        "MAP": {
            "MAP@1": 0.75582,
            "MAP@3": 0.80805,
            "MAP@5": 0.81465,
            "MAP@10": 0.81884,
            "MAP@100": 0.82116,
            "MAP@1000": 0.82123
        },
        "Recall": {
            "Recall@1": 0.75582,
            "Recall@3": 0.87027,
            "Recall@5": 0.89903,
            "Recall@10": 0.93,
            "Recall@100": 0.98123,
            "Recall@1000": 0.99543
        },
        "Precision": {
            "P@1": 0.75582,
            "P@3": 0.29009,
            "P@5": 0.17981,
            "P@10": 0.093,
            "P@100": 0.00981,
            "P@1000": 0.001
        }
    }
}