{
    "codefeedback-mt": {
        "NDCG": {
            "NDCG@1": 0.82315,
            "NDCG@3": 0.87439,
            "NDCG@5": 0.88273,
            "NDCG@10": 0.89014,
            "NDCG@100": 0.89834,
            "NDCG@1000": 0.89951
        },
        "MAP": {
            "MAP@1": 0.82315,
            "MAP@3": 0.86231,
            "MAP@5": 0.86696,
            "MAP@10": 0.87005,
            "MAP@100": 0.87178,
            "MAP@1000": 0.87183
        },
        "Recall": {
            "Recall@1": 0.82315,
            "Recall@3": 0.90917,
            "Recall@5": 0.92928,
            "Recall@10": 0.95202,
            "Recall@100": 0.98991,
            "Recall@1000": 0.99879
        },
        "Precision": {
            "P@1": 0.82315,
            "P@3": 0.30306,
            "P@5": 0.18586,
            "P@10": 0.0952,
            "P@100": 0.0099,
            "P@1000": 0.001
        }
    }
}