{
    "CodeSearchNet-ccr-go": {
        "NDCG": {
            "NDCG@1": 0.85472,
            "NDCG@3": 0.90979,
            "NDCG@5": 0.91573,
            "NDCG@10": 0.92103,
            "NDCG@100": 0.92559,
            "NDCG@1000": 0.92585
        },
        "MAP": {
            "MAP@1": 0.85472,
            "MAP@3": 0.89691,
            "MAP@5": 0.9002,
            "MAP@10": 0.90239,
            "MAP@100": 0.90341,
            "MAP@1000": 0.90342
        },
        "Recall": {
            "Recall@1": 0.85472,
            "Recall@3": 0.94681,
            "Recall@5": 0.96122,
            "Recall@10": 0.97759,
            "Recall@100": 0.99803,
            "Recall@1000": 1.0
        },
        "Precision": {
            "P@1": 0.85472,
            "P@3": 0.3156,
            "P@5": 0.19224,
            "P@10": 0.09776,
            "P@100": 0.00998,
            "P@1000": 0.001
        }
    },
    "CodeSearchNet-ccr-java": {
        "NDCG": {
            "NDCG@1": 0.83085,
            "NDCG@3": 0.89167,
            "NDCG@5": 0.8992,
            "NDCG@10": 0.90444,
            "NDCG@100": 0.90856,
            "NDCG@1000": 0.9089
        },
        "MAP": {
            "MAP@1": 0.83085,
            "MAP@3": 0.87764,
            "MAP@5": 0.88184,
            "MAP@10": 0.88404,
            "MAP@100": 0.88492,
            "MAP@1000": 0.88494
        },
        "Recall": {
            "Recall@1": 0.83085,
            "Recall@3": 0.9319,
            "Recall@5": 0.95007,
            "Recall@10": 0.96613,
            "Recall@100": 0.98494,
            "Recall@1000": 0.98759
        },
        "Precision": {
            "P@1": 0.83085,
            "P@3": 0.31063,
            "P@5": 0.19001,
            "P@10": 0.09661,
            "P@100": 0.00985,
            "P@1000": 0.00099
        }
    },
    "CodeSearchNet-ccr-javascript": {
        "NDCG": {
            "NDCG@1": 0.82133,
            "NDCG@3": 0.88744,
            "NDCG@5": 0.89516,
            "NDCG@10": 0.9009,
            "NDCG@100": 0.90633,
            "NDCG@1000": 0.90714
        },
        "MAP": {
            "MAP@1": 0.82133,
            "MAP@3": 0.87223,
            "MAP@5": 0.8765,
            "MAP@10": 0.87895,
            "MAP@100": 0.88012,
            "MAP@1000": 0.88015
        },
        "Recall": {
            "Recall@1": 0.82133,
            "Recall@3": 0.93102,
            "Recall@5": 0.94986,
            "Recall@10": 0.96718,
            "Recall@100": 0.9918,
            "Recall@1000": 0.99818
        },
        "Precision": {
            "P@1": 0.82133,
            "P@3": 0.31034,
            "P@5": 0.18997,
            "P@10": 0.09672,
            "P@100": 0.00992,
            "P@1000": 0.001
        }
    },
    "CodeSearchNet-ccr-ruby": {
        "NDCG": {
            "NDCG@1": 0.83664,
            "NDCG@3": 0.89506,
            "NDCG@5": 0.90332,
            "NDCG@10": 0.90901,
            "NDCG@100": 0.91404,
            "NDCG@1000": 0.91467
        },
        "MAP": {
            "MAP@1": 0.83664,
            "MAP@3": 0.88144,
            "MAP@5": 0.88608,
            "MAP@10": 0.88845,
            "MAP@100": 0.88944,
            "MAP@1000": 0.88946
        },
        "Recall": {
            "Recall@1": 0.83664,
            "Recall@3": 0.93418,
            "Recall@5": 0.954,
            "Recall@10": 0.97145,
            "Recall@100": 0.99524,
            "Recall@1000": 1.0
        },
        "Precision": {
            "P@1": 0.83664,
            "P@3": 0.31139,
            "P@5": 0.1908,
            "P@10": 0.09715,
            "P@100": 0.00995,
            "P@1000": 0.001
        }
    },
    "CodeSearchNet-ccr-python": {
        "NDCG": {
            "NDCG@1": 0.83282,
            "NDCG@3": 0.89601,
            "NDCG@5": 0.90411,
            "NDCG@10": 0.90903,
            "NDCG@100": 0.91417,
            "NDCG@1000": 0.91465
        },
        "MAP": {
            "MAP@1": 0.83282,
            "MAP@3": 0.8813,
            "MAP@5": 0.88582,
            "MAP@10": 0.88788,
            "MAP@100": 0.88904,
            "MAP@1000": 0.88906
        },
        "Recall": {
            "Recall@1": 0.83282,
            "Recall@3": 0.93826,
            "Recall@5": 0.95777,
            "Recall@10": 0.97285,
            "Recall@100": 0.99584,
            "Recall@1000": 0.99953
        },
        "Precision": {
            "P@1": 0.83282,
            "P@3": 0.31275,
            "P@5": 0.19155,
            "P@10": 0.09729,
            "P@100": 0.00996,
            "P@1000": 0.001
        }
    },
    "CodeSearchNet-ccr-php": {
        "NDCG": {
            "NDCG@1": 0.73862,
            "NDCG@3": 0.82041,
            "NDCG@5": 0.83458,
            "NDCG@10": 0.84573,
            "NDCG@100": 0.85626,
            "NDCG@1000": 0.85724
        },
        "MAP": {
            "MAP@1": 0.73862,
            "MAP@3": 0.80122,
            "MAP@5": 0.80913,
            "MAP@10": 0.81378,
            "MAP@100": 0.8161,
            "MAP@1000": 0.81614
        },
        "Recall": {
            "Recall@1": 0.73862,
            "Recall@3": 0.87555,
            "Recall@5": 0.9098,
            "Recall@10": 0.94398,
            "Recall@100": 0.99165,
            "Recall@1000": 0.99914
        },
        "Precision": {
            "P@1": 0.73862,
            "P@3": 0.29185,
            "P@5": 0.18196,
            "P@10": 0.0944,
            "P@100": 0.00992,
            "P@1000": 0.001
        }
    }
}