{
    "codetrans-dl": {
        "NDCG": {
            "NDCG@1": 0.1,
            "NDCG@3": 0.16633,
            "NDCG@5": 0.23235,
            "NDCG@10": 0.37208,
            "NDCG@100": 0.4222,
            "NDCG@1000": 0.4222
        },
        "MAP": {
            "MAP@1": 0.1,
            "MAP@3": 0.14907,
            "MAP@5": 0.18685,
            "MAP@10": 0.24216,
            "MAP@100": 0.25794,
            "MAP@1000": 0.25794
        },
        "Recall": {
            "Recall@1": 0.1,
            "Recall@3": 0.21667,
            "Recall@5": 0.37222,
            "Recall@10": 0.81667,
            "Recall@100": 1.0,
            "Recall@1000": 1.0
        },
        "Precision": {
            "P@1": 0.1,
            "P@3": 0.07222,
            "P@5": 0.07444,
            "P@10": 0.08167,
            "P@100": 0.01,
            "P@1000": 0.001
        }
    }
}