{
    "codefeedback-st": {
        "NDCG": {
            "NDCG@1": 0.69124,
            "NDCG@3": 0.80399,
            "NDCG@5": 0.82289,
            "NDCG@10": 0.83283,
            "NDCG@100": 0.84087,
            "NDCG@1000": 0.84162
        },
        "MAP": {
            "MAP@1": 0.69124,
            "MAP@3": 0.77734,
            "MAP@5": 0.7879,
            "MAP@10": 0.7921,
            "MAP@100": 0.79383,
            "MAP@1000": 0.79387
        },
        "Recall": {
            "Recall@1": 0.69124,
            "Recall@3": 0.88066,
            "Recall@5": 0.92628,
            "Recall@10": 0.95653,
            "Recall@100": 0.9931,
            "Recall@1000": 0.99885
        },
        "Precision": {
            "P@1": 0.69124,
            "P@3": 0.29355,
            "P@5": 0.18526,
            "P@10": 0.09565,
            "P@100": 0.00993,
            "P@1000": 0.001
        }
    }
}