{
    "cosqa": {
        "NDCG": {
            "NDCG@1": 0.186,
            "NDCG@3": 0.28547,
            "NDCG@5": 0.35269,
            "NDCG@10": 0.41407,
            "NDCG@100": 0.46941,
            "NDCG@1000": 0.47347
        },
        "MAP": {
            "MAP@1": 0.186,
            "MAP@3": 0.25867,
            "MAP@5": 0.29577,
            "MAP@10": 0.32183,
            "MAP@100": 0.33354,
            "MAP@1000": 0.33373
        },
        "Recall": {
            "Recall@1": 0.186,
            "Recall@3": 0.364,
            "Recall@5": 0.528,
            "Recall@10": 0.714,
            "Recall@100": 0.968,
            "Recall@1000": 0.998
        },
        "Precision": {
            "P@1": 0.186,
            "P@3": 0.12133,
            "P@5": 0.1056,
            "P@10": 0.0714,
            "P@100": 0.00968,
            "P@1000": 0.001
        }
    }
}