{
    "stackoverflow-qa": {
        "NDCG": {
            "NDCG@1": 0.82046,
            "NDCG@3": 0.86837,
            "NDCG@5": 0.87774,
            "NDCG@10": 0.88662,
            "NDCG@100": 0.89452,
            "NDCG@1000": 0.89544
        },
        "MAP": {
            "MAP@1": 0.82046,
            "MAP@3": 0.85682,
            "MAP@5": 0.86206,
            "MAP@10": 0.8658,
            "MAP@100": 0.86744,
            "MAP@1000": 0.86748
        },
        "Recall": {
            "Recall@1": 0.82046,
            "Recall@3": 0.90171,
            "Recall@5": 0.92427,
            "Recall@10": 0.95135,
            "Recall@100": 0.98796,
            "Recall@1000": 0.99498
        },
        "Precision": {
            "P@1": 0.82046,
            "P@3": 0.30057,
            "P@5": 0.18485,
            "P@10": 0.09514,
            "P@100": 0.00988,
            "P@1000": 0.00099
        }
    }
}