{
    "synthetic-text2sql": {
        "NDCG": {
            "NDCG@1": 0.19603,
            "NDCG@3": 0.65174,
            "NDCG@5": 0.6679,
            "NDCG@10": 0.67376,
            "NDCG@100": 0.6767,
            "NDCG@1000": 0.67674
        },
        "MAP": {
            "MAP@1": 0.19603,
            "MAP@3": 0.55344,
            "MAP@5": 0.56248,
            "MAP@10": 0.56496,
            "MAP@100": 0.5657,
            "MAP@1000": 0.5657
        },
        "Recall": {
            "Recall@1": 0.19603,
            "Recall@3": 0.93061,
            "Recall@5": 0.96958,
            "Recall@10": 0.98735,
            "Recall@100": 0.99966,
            "Recall@1000": 1.0
        },
        "Precision": {
            "P@1": 0.19603,
            "P@3": 0.3102,
            "P@5": 0.19392,
            "P@10": 0.09874,
            "P@100": 0.01,
            "P@1000": 0.001
        }
    }
}